--------------------------------------------------------
--  파일이 생성됨 - 화요일-2월-23-2021   
--------------------------------------------------------
--------------------------------------------------------
--  DDL for Sequence CART_SEQ
--------------------------------------------------------

   CREATE SEQUENCE  "JINNY"."CART_SEQ"  MINVALUE 1 MAXVALUE 1000 INCREMENT BY 1 START WITH 21 CACHE 20 NOORDER  NOCYCLE ;
--------------------------------------------------------
--  DDL for Sequence MENU_SEQ
--------------------------------------------------------

   CREATE SEQUENCE  "JINNY"."MENU_SEQ"  MINVALUE 1 MAXVALUE 1000 INCREMENT BY 1 START WITH 29 CACHE 20 NOORDER  NOCYCLE ;
--------------------------------------------------------
--  DDL for Sequence ORDER_SEQ
--------------------------------------------------------

   CREATE SEQUENCE  "JINNY"."ORDER_SEQ"  MINVALUE 1 MAXVALUE 1000 INCREMENT BY 1 START WITH 1 CACHE 20 NOORDER  NOCYCLE ;
--------------------------------------------------------
--  DDL for Table ADDRESS
--------------------------------------------------------

  CREATE TABLE "JINNY"."ADDRESS" 
   (	"ADRES_NO" NUMBER(5,0), 
	"ADRES_GU" VARCHAR2(50 CHAR)
   ) SEGMENT CREATION IMMEDIATE 
  PCTFREE 10 PCTUSED 40 INITRANS 1 MAXTRANS 255 NOCOMPRESS LOGGING
  STORAGE(INITIAL 65536 NEXT 1048576 MINEXTENTS 1 MAXEXTENTS 2147483645
  PCTINCREASE 0 FREELISTS 1 FREELIST GROUPS 1 BUFFER_POOL DEFAULT FLASH_CACHE DEFAULT CELL_FLASH_CACHE DEFAULT)
  TABLESPACE "SYSTEM" ;
--------------------------------------------------------
--  DDL for Table ADMINISTRATOR
--------------------------------------------------------

  CREATE TABLE "JINNY"."ADMINISTRATOR" 
   (	"ADM_ID" VARCHAR2(50 CHAR), 
	"ADM_PW" VARCHAR2(100 CHAR), 
	"ADM_NM" VARCHAR2(30 CHAR)
   ) SEGMENT CREATION IMMEDIATE 
  PCTFREE 10 PCTUSED 40 INITRANS 1 MAXTRANS 255 NOCOMPRESS LOGGING
  STORAGE(INITIAL 65536 NEXT 1048576 MINEXTENTS 1 MAXEXTENTS 2147483645
  PCTINCREASE 0 FREELISTS 1 FREELIST GROUPS 1 BUFFER_POOL DEFAULT FLASH_CACHE DEFAULT CELL_FLASH_CACHE DEFAULT)
  TABLESPACE "SYSTEM" ;

   COMMENT ON COLUMN "JINNY"."ADMINISTRATOR"."ADM_ID" IS '아이디';
   COMMENT ON COLUMN "JINNY"."ADMINISTRATOR"."ADM_PW" IS '비밀번호';
   COMMENT ON COLUMN "JINNY"."ADMINISTRATOR"."ADM_NM" IS '이름';
   COMMENT ON TABLE "JINNY"."ADMINISTRATOR"  IS '최고관리자';
--------------------------------------------------------
--  DDL for Table CART
--------------------------------------------------------

  CREATE TABLE "JINNY"."CART" 
   (	"CART_ID" NUMBER(10,0), 
	"CART_QTY" NUMBER(8,0), 
	"CSTMR_ID" VARCHAR2(50 CHAR), 
	"MENU_ID" VARCHAR2(10 CHAR)
   ) SEGMENT CREATION IMMEDIATE 
  PCTFREE 10 PCTUSED 40 INITRANS 1 MAXTRANS 255 NOCOMPRESS LOGGING
  STORAGE(INITIAL 65536 NEXT 1048576 MINEXTENTS 1 MAXEXTENTS 2147483645
  PCTINCREASE 0 FREELISTS 1 FREELIST GROUPS 1 BUFFER_POOL DEFAULT FLASH_CACHE DEFAULT CELL_FLASH_CACHE DEFAULT)
  TABLESPACE "SYSTEM" ;

   COMMENT ON COLUMN "JINNY"."CART"."CART_ID" IS '장바구니번호';
   COMMENT ON COLUMN "JINNY"."CART"."CART_QTY" IS '수량';
   COMMENT ON COLUMN "JINNY"."CART"."CSTMR_ID" IS '아이디';
   COMMENT ON COLUMN "JINNY"."CART"."MENU_ID" IS '메뉴코드';
   COMMENT ON TABLE "JINNY"."CART"  IS '장바구니';
--------------------------------------------------------
--  DDL for Table CONTENT
--------------------------------------------------------

  CREATE TABLE "JINNY"."CONTENT" 
   (	"ORDER_ID" NUMBER(10,0), 
	"MENU_ID" VARCHAR2(10 CHAR), 
	"CONTENT_QTY" NUMBER(10,0)
   ) SEGMENT CREATION IMMEDIATE 
  PCTFREE 10 PCTUSED 40 INITRANS 1 MAXTRANS 255 NOCOMPRESS LOGGING
  STORAGE(INITIAL 65536 NEXT 1048576 MINEXTENTS 1 MAXEXTENTS 2147483645
  PCTINCREASE 0 FREELISTS 1 FREELIST GROUPS 1 BUFFER_POOL DEFAULT FLASH_CACHE DEFAULT CELL_FLASH_CACHE DEFAULT)
  TABLESPACE "SYSTEM" ;

   COMMENT ON COLUMN "JINNY"."CONTENT"."ORDER_ID" IS '주문번호';
   COMMENT ON COLUMN "JINNY"."CONTENT"."MENU_ID" IS '메뉴코드';
   COMMENT ON COLUMN "JINNY"."CONTENT"."CONTENT_QTY" IS '주문수량';
   COMMENT ON TABLE "JINNY"."CONTENT"  IS '주문내용';
--------------------------------------------------------
--  DDL for Table CUSTOMER
--------------------------------------------------------

  CREATE TABLE "JINNY"."CUSTOMER" 
   (	"CSTMR_ID" VARCHAR2(50 CHAR), 
	"CSTMR_PW" VARCHAR2(100 CHAR), 
	"CSTMR_NM" VARCHAR2(30 CHAR), 
	"CSTMR_HP" VARCHAR2(30 CHAR), 
	"CSTMR_BRTHDY" VARCHAR2(10 CHAR), 
	"CSTMR_ADRES1" VARCHAR2(50 CHAR), 
	"CSTMR_ADRES2" VARCHAR2(300 CHAR), 
	"CSTMR_CASH" NUMBER(10,0)
   ) SEGMENT CREATION IMMEDIATE 
  PCTFREE 10 PCTUSED 40 INITRANS 1 MAXTRANS 255 NOCOMPRESS LOGGING
  STORAGE(INITIAL 65536 NEXT 1048576 MINEXTENTS 1 MAXEXTENTS 2147483645
  PCTINCREASE 0 FREELISTS 1 FREELIST GROUPS 1 BUFFER_POOL DEFAULT FLASH_CACHE DEFAULT CELL_FLASH_CACHE DEFAULT)
  TABLESPACE "SYSTEM" ;

   COMMENT ON COLUMN "JINNY"."CUSTOMER"."CSTMR_ID" IS '아이디';
   COMMENT ON COLUMN "JINNY"."CUSTOMER"."CSTMR_PW" IS '비밀번호';
   COMMENT ON COLUMN "JINNY"."CUSTOMER"."CSTMR_NM" IS '이름';
   COMMENT ON COLUMN "JINNY"."CUSTOMER"."CSTMR_HP" IS '휴대전화';
   COMMENT ON COLUMN "JINNY"."CUSTOMER"."CSTMR_BRTHDY" IS '생년월일';
   COMMENT ON COLUMN "JINNY"."CUSTOMER"."CSTMR_ADRES1" IS '주소1';
   COMMENT ON COLUMN "JINNY"."CUSTOMER"."CSTMR_ADRES2" IS '주소2';
   COMMENT ON COLUMN "JINNY"."CUSTOMER"."CSTMR_CASH" IS '보유금액';
   COMMENT ON TABLE "JINNY"."CUSTOMER"  IS '고객';
--------------------------------------------------------
--  DDL for Table FOODTYPE
--------------------------------------------------------

  CREATE TABLE "JINNY"."FOODTYPE" 
   (	"FDTY_GU" CHAR(4 CHAR), 
	"FDTY_NM" VARCHAR2(40 CHAR)
   ) SEGMENT CREATION IMMEDIATE 
  PCTFREE 10 PCTUSED 40 INITRANS 1 MAXTRANS 255 NOCOMPRESS LOGGING
  STORAGE(INITIAL 65536 NEXT 1048576 MINEXTENTS 1 MAXEXTENTS 2147483645
  PCTINCREASE 0 FREELISTS 1 FREELIST GROUPS 1 BUFFER_POOL DEFAULT FLASH_CACHE DEFAULT CELL_FLASH_CACHE DEFAULT)
  TABLESPACE "SYSTEM" ;

   COMMENT ON COLUMN "JINNY"."FOODTYPE"."FDTY_GU" IS '식당분류코드';
   COMMENT ON COLUMN "JINNY"."FOODTYPE"."FDTY_NM" IS '식당분류이름';
   COMMENT ON TABLE "JINNY"."FOODTYPE"  IS '식당유형';
--------------------------------------------------------
--  DDL for Table MATCHIN
--------------------------------------------------------

  CREATE TABLE "JINNY"."MATCHIN" 
   (	"ORDER_ID" NUMBER(10,0), 
	"RD_ID" VARCHAR2(50 CHAR)
   ) SEGMENT CREATION IMMEDIATE 
  PCTFREE 10 PCTUSED 40 INITRANS 1 MAXTRANS 255 NOCOMPRESS LOGGING
  STORAGE(INITIAL 65536 NEXT 1048576 MINEXTENTS 1 MAXEXTENTS 2147483645
  PCTINCREASE 0 FREELISTS 1 FREELIST GROUPS 1 BUFFER_POOL DEFAULT FLASH_CACHE DEFAULT CELL_FLASH_CACHE DEFAULT)
  TABLESPACE "SYSTEM" ;

   COMMENT ON COLUMN "JINNY"."MATCHIN"."ORDER_ID" IS '주문번호';
   COMMENT ON COLUMN "JINNY"."MATCHIN"."RD_ID" IS '아이디';
   COMMENT ON TABLE "JINNY"."MATCHIN"  IS '매칭';
--------------------------------------------------------
--  DDL for Table MENU
--------------------------------------------------------

  CREATE TABLE "JINNY"."MENU" 
   (	"MENU_ID" VARCHAR2(10 CHAR), 
	"MENU_NM" VARCHAR2(30 CHAR), 
	"MENU_PRICE" NUMBER(8,0), 
	"RSTRNT_ID" VARCHAR2(50 CHAR)
   ) SEGMENT CREATION IMMEDIATE 
  PCTFREE 10 PCTUSED 40 INITRANS 1 MAXTRANS 255 NOCOMPRESS LOGGING
  STORAGE(INITIAL 65536 NEXT 1048576 MINEXTENTS 1 MAXEXTENTS 2147483645
  PCTINCREASE 0 FREELISTS 1 FREELIST GROUPS 1 BUFFER_POOL DEFAULT FLASH_CACHE DEFAULT CELL_FLASH_CACHE DEFAULT)
  TABLESPACE "SYSTEM" ;

   COMMENT ON COLUMN "JINNY"."MENU"."MENU_ID" IS '메뉴코드';
   COMMENT ON COLUMN "JINNY"."MENU"."MENU_NM" IS '메뉴명';
   COMMENT ON COLUMN "JINNY"."MENU"."MENU_PRICE" IS '가격';
   COMMENT ON COLUMN "JINNY"."MENU"."RSTRNT_ID" IS '식당아이디';
   COMMENT ON TABLE "JINNY"."MENU"  IS '메뉴';
--------------------------------------------------------
--  DDL for Table ORDERLIST
--------------------------------------------------------

  CREATE TABLE "JINNY"."ORDERLIST" 
   (	"ORDER_ID" NUMBER(10,0), 
	"CSTMR_ID" VARCHAR2(50 CHAR), 
	"RSTRNT_ID" VARCHAR2(50 CHAR), 
	"ORDER_STATUS" VARCHAR2(30 BYTE), 
	"ORDER_COST" NUMBER(10,0), 
	"ORDER_DATE" DATE
   ) SEGMENT CREATION IMMEDIATE 
  PCTFREE 10 PCTUSED 40 INITRANS 1 MAXTRANS 255 NOCOMPRESS LOGGING
  STORAGE(INITIAL 65536 NEXT 1048576 MINEXTENTS 1 MAXEXTENTS 2147483645
  PCTINCREASE 0 FREELISTS 1 FREELIST GROUPS 1 BUFFER_POOL DEFAULT FLASH_CACHE DEFAULT CELL_FLASH_CACHE DEFAULT)
  TABLESPACE "SYSTEM" ;

   COMMENT ON COLUMN "JINNY"."ORDERLIST"."ORDER_ID" IS '주문번호';
   COMMENT ON COLUMN "JINNY"."ORDERLIST"."CSTMR_ID" IS '아이디';
   COMMENT ON COLUMN "JINNY"."ORDERLIST"."RSTRNT_ID" IS '식당아이디';
   COMMENT ON COLUMN "JINNY"."ORDERLIST"."ORDER_STATUS" IS '주문상태';
   COMMENT ON COLUMN "JINNY"."ORDERLIST"."ORDER_COST" IS '결제금액';
   COMMENT ON COLUMN "JINNY"."ORDERLIST"."ORDER_DATE" IS '주문날짜';
   COMMENT ON TABLE "JINNY"."ORDERLIST"  IS '주문';
--------------------------------------------------------
--  DDL for Table RESTAURANT
--------------------------------------------------------

  CREATE TABLE "JINNY"."RESTAURANT" 
   (	"RSTRNT_ID" VARCHAR2(50 CHAR), 
	"RSTRNT_PW" VARCHAR2(100 CHAR), 
	"RSTRNT_NM" VARCHAR2(50 CHAR), 
	"RSTRNT_TELNO" VARCHAR2(30 CHAR), 
	"RSTRNT_ADRES1" VARCHAR2(50 CHAR), 
	"RSTRNT_ADRES2" VARCHAR2(300 CHAR), 
	"FDTY_GU" CHAR(4 CHAR)
   ) SEGMENT CREATION IMMEDIATE 
  PCTFREE 10 PCTUSED 40 INITRANS 1 MAXTRANS 255 NOCOMPRESS LOGGING
  STORAGE(INITIAL 65536 NEXT 1048576 MINEXTENTS 1 MAXEXTENTS 2147483645
  PCTINCREASE 0 FREELISTS 1 FREELIST GROUPS 1 BUFFER_POOL DEFAULT FLASH_CACHE DEFAULT CELL_FLASH_CACHE DEFAULT)
  TABLESPACE "SYSTEM" ;

   COMMENT ON COLUMN "JINNY"."RESTAURANT"."RSTRNT_ID" IS '식당아이디';
   COMMENT ON COLUMN "JINNY"."RESTAURANT"."RSTRNT_PW" IS '비밀번호';
   COMMENT ON COLUMN "JINNY"."RESTAURANT"."RSTRNT_NM" IS '식당명';
   COMMENT ON COLUMN "JINNY"."RESTAURANT"."RSTRNT_TELNO" IS '전화번호';
   COMMENT ON COLUMN "JINNY"."RESTAURANT"."RSTRNT_ADRES1" IS '주소1';
   COMMENT ON COLUMN "JINNY"."RESTAURANT"."RSTRNT_ADRES2" IS '주소2';
   COMMENT ON COLUMN "JINNY"."RESTAURANT"."FDTY_GU" IS '식당분류코드';
   COMMENT ON TABLE "JINNY"."RESTAURANT"  IS '식당';
--------------------------------------------------------
--  DDL for Table REVIEW
--------------------------------------------------------

  CREATE TABLE "JINNY"."REVIEW" 
   (	"REVIEW_ID" NUMBER(10,0), 
	"REVIEW_CONTENT" VARCHAR2(1000 BYTE), 
	"RSTRNT_ID" VARCHAR2(50 CHAR), 
	"ORDER_ID" NUMBER(10,0), 
	"REVIEW_SCORE" NUMBER(10,0)
   ) SEGMENT CREATION IMMEDIATE 
  PCTFREE 10 PCTUSED 40 INITRANS 1 MAXTRANS 255 NOCOMPRESS LOGGING
  STORAGE(INITIAL 65536 NEXT 1048576 MINEXTENTS 1 MAXEXTENTS 2147483645
  PCTINCREASE 0 FREELISTS 1 FREELIST GROUPS 1 BUFFER_POOL DEFAULT FLASH_CACHE DEFAULT CELL_FLASH_CACHE DEFAULT)
  TABLESPACE "SYSTEM" ;

   COMMENT ON COLUMN "JINNY"."REVIEW"."REVIEW_ID" IS '리뷰번호';
   COMMENT ON COLUMN "JINNY"."REVIEW"."REVIEW_CONTENT" IS '리뷰내용';
   COMMENT ON COLUMN "JINNY"."REVIEW"."RSTRNT_ID" IS '식당아이디';
   COMMENT ON COLUMN "JINNY"."REVIEW"."ORDER_ID" IS '주문번호';
   COMMENT ON COLUMN "JINNY"."REVIEW"."REVIEW_SCORE" IS '별점';
   COMMENT ON TABLE "JINNY"."REVIEW"  IS '리뷰';
--------------------------------------------------------
--  DDL for Table RIDERS
--------------------------------------------------------

  CREATE TABLE "JINNY"."RIDERS" 
   (	"RD_ID" VARCHAR2(50 CHAR), 
	"RD_PW" VARCHAR2(100 CHAR), 
	"RD_NM" VARCHAR2(30 CHAR), 
	"RD_ADRES1" VARCHAR2(50 CHAR), 
	"RD_ADRES2" VARCHAR2(300 CHAR)
   ) SEGMENT CREATION IMMEDIATE 
  PCTFREE 10 PCTUSED 40 INITRANS 1 MAXTRANS 255 NOCOMPRESS LOGGING
  STORAGE(INITIAL 65536 NEXT 1048576 MINEXTENTS 1 MAXEXTENTS 2147483645
  PCTINCREASE 0 FREELISTS 1 FREELIST GROUPS 1 BUFFER_POOL DEFAULT FLASH_CACHE DEFAULT CELL_FLASH_CACHE DEFAULT)
  TABLESPACE "SYSTEM" ;

   COMMENT ON COLUMN "JINNY"."RIDERS"."RD_ID" IS '아이디';
   COMMENT ON COLUMN "JINNY"."RIDERS"."RD_PW" IS '비밀번호';
   COMMENT ON COLUMN "JINNY"."RIDERS"."RD_NM" IS '이름';
   COMMENT ON COLUMN "JINNY"."RIDERS"."RD_ADRES1" IS '주소1';
   COMMENT ON COLUMN "JINNY"."RIDERS"."RD_ADRES2" IS '주소2';
   COMMENT ON TABLE "JINNY"."RIDERS"  IS '라이더스';
--------------------------------------------------------
--  DDL for Table RIDER_MNG
--------------------------------------------------------

  CREATE TABLE "JINNY"."RIDER_MNG" 
   (	"MNG_ID" VARCHAR2(50 CHAR), 
	"MNG_PW" VARCHAR2(100 CHAR), 
	"MNG_NM" VARCHAR2(30 CHAR), 
	"MNG_TELNO" VARCHAR2(30 CHAR)
   ) SEGMENT CREATION IMMEDIATE 
  PCTFREE 10 PCTUSED 40 INITRANS 1 MAXTRANS 255 NOCOMPRESS LOGGING
  STORAGE(INITIAL 65536 NEXT 1048576 MINEXTENTS 1 MAXEXTENTS 2147483645
  PCTINCREASE 0 FREELISTS 1 FREELIST GROUPS 1 BUFFER_POOL DEFAULT FLASH_CACHE DEFAULT CELL_FLASH_CACHE DEFAULT)
  TABLESPACE "SYSTEM" ;

   COMMENT ON COLUMN "JINNY"."RIDER_MNG"."MNG_ID" IS '아이디';
   COMMENT ON COLUMN "JINNY"."RIDER_MNG"."MNG_PW" IS '비밀번호';
   COMMENT ON COLUMN "JINNY"."RIDER_MNG"."MNG_NM" IS '업체명';
   COMMENT ON COLUMN "JINNY"."RIDER_MNG"."MNG_TELNO" IS '전화번호';
   COMMENT ON TABLE "JINNY"."RIDER_MNG"  IS '배달대행업체';
REM INSERTING into JINNY.ADDRESS
SET DEFINE OFF;
Insert into JINNY.ADDRESS (ADRES_NO,ADRES_GU) values (1,'동구');
Insert into JINNY.ADDRESS (ADRES_NO,ADRES_GU) values (2,'중구');
Insert into JINNY.ADDRESS (ADRES_NO,ADRES_GU) values (3,'서구');
Insert into JINNY.ADDRESS (ADRES_NO,ADRES_GU) values (4,'유성구');
Insert into JINNY.ADDRESS (ADRES_NO,ADRES_GU) values (5,'대덕구');
REM INSERTING into JINNY.ADMINISTRATOR
SET DEFINE OFF;
Insert into JINNY.ADMINISTRATOR (ADM_ID,ADM_PW,ADM_NM) values ('admin','admin','최고관리자');
REM INSERTING into JINNY.CART
SET DEFINE OFF;
Insert into JINNY.CART (CART_ID,CART_QTY,CSTMR_ID,MENU_ID) values (1,1,'jyj2','1');
Insert into JINNY.CART (CART_ID,CART_QTY,CSTMR_ID,MENU_ID) values (2,3,'jyj','4');
REM INSERTING into JINNY.CONTENT
SET DEFINE OFF;
Insert into JINNY.CONTENT (ORDER_ID,MENU_ID,CONTENT_QTY) values (1,'1',1);
REM INSERTING into JINNY.CUSTOMER
SET DEFINE OFF;
Insert into JINNY.CUSTOMER (CSTMR_ID,CSTMR_PW,CSTMR_NM,CSTMR_HP,CSTMR_BRTHDY,CSTMR_ADRES1,CSTMR_ADRES2,CSTMR_CASH) values ('kdh','java','김두환','010-1000-1000','99/00/00','동구','상세주소',1000000);
Insert into JINNY.CUSTOMER (CSTMR_ID,CSTMR_PW,CSTMR_NM,CSTMR_HP,CSTMR_BRTHDY,CSTMR_ADRES1,CSTMR_ADRES2,CSTMR_CASH) values ('jyj','java','전윤주','010-2000-0000','03/00/00','서구','상세주소',1000000);
Insert into JINNY.CUSTOMER (CSTMR_ID,CSTMR_PW,CSTMR_NM,CSTMR_HP,CSTMR_BRTHDY,CSTMR_ADRES1,CSTMR_ADRES2,CSTMR_CASH) values ('khs','java','김현슬','010-3000-0000','98/00/00','중구','상세주소',1000000);
Insert into JINNY.CUSTOMER (CSTMR_ID,CSTMR_PW,CSTMR_NM,CSTMR_HP,CSTMR_BRTHDY,CSTMR_ADRES1,CSTMR_ADRES2,CSTMR_CASH) values ('jyj2','java','정유진','010-4000-0000','92/00/00','유성구','상세주소',1000000);
Insert into JINNY.CUSTOMER (CSTMR_ID,CSTMR_PW,CSTMR_NM,CSTMR_HP,CSTMR_BRTHDY,CSTMR_ADRES1,CSTMR_ADRES2,CSTMR_CASH) values ('AAA','변경비밀번호','변경 이름','변경 전화번호','변경 생일','변경 주소 1','변경 주소 2',20);
REM INSERTING into JINNY.FOODTYPE
SET DEFINE OFF;
Insert into JINNY.FOODTYPE (FDTY_GU,FDTY_NM) values ('1   ','한식');
Insert into JINNY.FOODTYPE (FDTY_GU,FDTY_NM) values ('2   ','분식');
Insert into JINNY.FOODTYPE (FDTY_GU,FDTY_NM) values ('3   ','카페/디저트');
Insert into JINNY.FOODTYPE (FDTY_GU,FDTY_NM) values ('4   ','돈까스/회/일식');
Insert into JINNY.FOODTYPE (FDTY_GU,FDTY_NM) values ('5   ','치킨');
Insert into JINNY.FOODTYPE (FDTY_GU,FDTY_NM) values ('6   ','피자');
Insert into JINNY.FOODTYPE (FDTY_GU,FDTY_NM) values ('7   ','아시안/양식');
Insert into JINNY.FOODTYPE (FDTY_GU,FDTY_NM) values ('8   ','중식');
Insert into JINNY.FOODTYPE (FDTY_GU,FDTY_NM) values ('9   ','족발/보쌈');
Insert into JINNY.FOODTYPE (FDTY_GU,FDTY_NM) values ('10  ','찜/탕');
Insert into JINNY.FOODTYPE (FDTY_GU,FDTY_NM) values ('11  ','패스트푸드');
REM INSERTING into JINNY.MATCHIN
SET DEFINE OFF;
Insert into JINNY.MATCHIN (ORDER_ID,RD_ID) values (1,'kdh');
REM INSERTING into JINNY.MENU
SET DEFINE OFF;
Insert into JINNY.MENU (MENU_ID,MENU_NM,MENU_PRICE,RSTRNT_ID) values ('1','부대찌개',9000,'budae');
Insert into JINNY.MENU (MENU_ID,MENU_NM,MENU_PRICE,RSTRNT_ID) values ('2','왕돈까스',10000,'donka');
Insert into JINNY.MENU (MENU_ID,MENU_NM,MENU_PRICE,RSTRNT_ID) values ('3','슈크림빵',2500,'paris');
Insert into JINNY.MENU (MENU_ID,MENU_NM,MENU_PRICE,RSTRNT_ID) values ('4','초밥A세트',12000,'sushi');
Insert into JINNY.MENU (MENU_ID,MENU_NM,MENU_PRICE,RSTRNT_ID) values ('5','당면사리',2000,'budae');
Insert into JINNY.MENU (MENU_ID,MENU_NM,MENU_PRICE,RSTRNT_ID) values ('6','함박스테이크',15000,'donka');
Insert into JINNY.MENU (MENU_ID,MENU_NM,MENU_PRICE,RSTRNT_ID) values ('7','소시지빵',3500,'paris');
Insert into JINNY.MENU (MENU_ID,MENU_NM,MENU_PRICE,RSTRNT_ID) values ('8','우동세트',7500,'sushi');
Insert into JINNY.MENU (MENU_ID,MENU_NM,MENU_PRICE,RSTRNT_ID) values ('9','소보로빵',1500,'paris');
REM INSERTING into JINNY.ORDERLIST
SET DEFINE OFF;
Insert into JINNY.ORDERLIST (ORDER_ID,CSTMR_ID,RSTRNT_ID,ORDER_STATUS,ORDER_COST,ORDER_DATE) values (1,'kdh','budae','배달대기중',1000,to_date('21/02/23','RR/MM/DD'));
Insert into JINNY.ORDERLIST (ORDER_ID,CSTMR_ID,RSTRNT_ID,ORDER_STATUS,ORDER_COST,ORDER_DATE) values (2,'jyj','budae','ㅎㅇ',2000,to_date('21/02/03','RR/MM/DD'));
Insert into JINNY.ORDERLIST (ORDER_ID,CSTMR_ID,RSTRNT_ID,ORDER_STATUS,ORDER_COST,ORDER_DATE) values (3,'jyj2','budae','1',2000,to_date('21/02/03','RR/MM/DD'));
Insert into JINNY.ORDERLIST (ORDER_ID,CSTMR_ID,RSTRNT_ID,ORDER_STATUS,ORDER_COST,ORDER_DATE) values (4,'kdh','budae','배달대기중',2000,to_date('21/02/03','RR/MM/DD'));
REM INSERTING into JINNY.RESTAURANT
SET DEFINE OFF;
Insert into JINNY.RESTAURANT (RSTRNT_ID,RSTRNT_PW,RSTRNT_NM,RSTRNT_TELNO,RSTRNT_ADRES1,RSTRNT_ADRES2,FDTY_GU) values ('budae','java','아부찌 부대찌개','050-4920-2374','유성구','상세주소','1   ');
Insert into JINNY.RESTAURANT (RSTRNT_ID,RSTRNT_PW,RSTRNT_NM,RSTRNT_TELNO,RSTRNT_ADRES1,RSTRNT_ADRES2,FDTY_GU) values ('donka','java','경성돈카츠','050-7802-8777','서구','상세주소','2   ');
Insert into JINNY.RESTAURANT (RSTRNT_ID,RSTRNT_PW,RSTRNT_NM,RSTRNT_TELNO,RSTRNT_ADRES1,RSTRNT_ADRES2,FDTY_GU) values ('paris','test','빠바','050-4932-8193','서구','읭','3   ');
Insert into JINNY.RESTAURANT (RSTRNT_ID,RSTRNT_PW,RSTRNT_NM,RSTRNT_TELNO,RSTRNT_ADRES1,RSTRNT_ADRES2,FDTY_GU) values ('sushi','java','스시사랑','050-3750-3411','중구','상세주소','4   ');
Insert into JINNY.RESTAURANT (RSTRNT_ID,RSTRNT_PW,RSTRNT_NM,RSTRNT_TELNO,RSTRNT_ADRES1,RSTRNT_ADRES2,FDTY_GU) values ('macdo','java','맥도날드','042-333-4444','중구','맥도상세주소','11  ');
REM INSERTING into JINNY.REVIEW
SET DEFINE OFF;
REM INSERTING into JINNY.RIDERS
SET DEFINE OFF;
Insert into JINNY.RIDERS (RD_ID,RD_PW,RD_NM,RD_ADRES1,RD_ADRES2) values ('kdh','qwe','qwe','qew','qwe');
REM INSERTING into JINNY.RIDER_MNG
SET DEFINE OFF;
Insert into JINNY.RIDER_MNG (MNG_ID,MNG_PW,MNG_NM,MNG_TELNO) values ('kdh','kdh','김두환','010-0000-0000');
--------------------------------------------------------
--  Constraints for Table ADDRESS
--------------------------------------------------------

  ALTER TABLE "JINNY"."ADDRESS" ADD PRIMARY KEY ("ADRES_NO")
  USING INDEX PCTFREE 10 INITRANS 2 MAXTRANS 255 
  STORAGE(INITIAL 65536 NEXT 1048576 MINEXTENTS 1 MAXEXTENTS 2147483645
  PCTINCREASE 0 FREELISTS 1 FREELIST GROUPS 1 BUFFER_POOL DEFAULT FLASH_CACHE DEFAULT CELL_FLASH_CACHE DEFAULT)
  TABLESPACE "SYSTEM"  ENABLE;
  ALTER TABLE "JINNY"."ADDRESS" MODIFY ("ADRES_GU" NOT NULL ENABLE);
  ALTER TABLE "JINNY"."ADDRESS" MODIFY ("ADRES_NO" NOT NULL ENABLE);
--------------------------------------------------------
--  Constraints for Table RESTAURANT
--------------------------------------------------------

  ALTER TABLE "JINNY"."RESTAURANT" ADD PRIMARY KEY ("RSTRNT_ID")
  USING INDEX PCTFREE 10 INITRANS 2 MAXTRANS 255 
  STORAGE(INITIAL 65536 NEXT 1048576 MINEXTENTS 1 MAXEXTENTS 2147483645
  PCTINCREASE 0 FREELISTS 1 FREELIST GROUPS 1 BUFFER_POOL DEFAULT FLASH_CACHE DEFAULT CELL_FLASH_CACHE DEFAULT)
  TABLESPACE "SYSTEM"  ENABLE;
  ALTER TABLE "JINNY"."RESTAURANT" MODIFY ("FDTY_GU" NOT NULL ENABLE);
  ALTER TABLE "JINNY"."RESTAURANT" MODIFY ("RSTRNT_ADRES2" NOT NULL ENABLE);
  ALTER TABLE "JINNY"."RESTAURANT" MODIFY ("RSTRNT_ADRES1" NOT NULL ENABLE);
  ALTER TABLE "JINNY"."RESTAURANT" MODIFY ("RSTRNT_TELNO" NOT NULL ENABLE);
  ALTER TABLE "JINNY"."RESTAURANT" MODIFY ("RSTRNT_NM" NOT NULL ENABLE);
  ALTER TABLE "JINNY"."RESTAURANT" MODIFY ("RSTRNT_PW" NOT NULL ENABLE);
  ALTER TABLE "JINNY"."RESTAURANT" MODIFY ("RSTRNT_ID" NOT NULL ENABLE);
--------------------------------------------------------
--  Constraints for Table FOODTYPE
--------------------------------------------------------

  ALTER TABLE "JINNY"."FOODTYPE" ADD PRIMARY KEY ("FDTY_GU")
  USING INDEX PCTFREE 10 INITRANS 2 MAXTRANS 255 
  STORAGE(INITIAL 65536 NEXT 1048576 MINEXTENTS 1 MAXEXTENTS 2147483645
  PCTINCREASE 0 FREELISTS 1 FREELIST GROUPS 1 BUFFER_POOL DEFAULT FLASH_CACHE DEFAULT CELL_FLASH_CACHE DEFAULT)
  TABLESPACE "SYSTEM"  ENABLE;
  ALTER TABLE "JINNY"."FOODTYPE" MODIFY ("FDTY_NM" NOT NULL ENABLE);
  ALTER TABLE "JINNY"."FOODTYPE" MODIFY ("FDTY_GU" NOT NULL ENABLE);
--------------------------------------------------------
--  Constraints for Table CART
--------------------------------------------------------

  ALTER TABLE "JINNY"."CART" ADD PRIMARY KEY ("CART_ID")
  USING INDEX PCTFREE 10 INITRANS 2 MAXTRANS 255 
  STORAGE(INITIAL 65536 NEXT 1048576 MINEXTENTS 1 MAXEXTENTS 2147483645
  PCTINCREASE 0 FREELISTS 1 FREELIST GROUPS 1 BUFFER_POOL DEFAULT FLASH_CACHE DEFAULT CELL_FLASH_CACHE DEFAULT)
  TABLESPACE "SYSTEM"  ENABLE;
  ALTER TABLE "JINNY"."CART" MODIFY ("MENU_ID" NOT NULL ENABLE);
  ALTER TABLE "JINNY"."CART" MODIFY ("CSTMR_ID" NOT NULL ENABLE);
  ALTER TABLE "JINNY"."CART" MODIFY ("CART_QTY" NOT NULL ENABLE);
  ALTER TABLE "JINNY"."CART" MODIFY ("CART_ID" NOT NULL ENABLE);
--------------------------------------------------------
--  Constraints for Table ORDERLIST
--------------------------------------------------------

  ALTER TABLE "JINNY"."ORDERLIST" ADD PRIMARY KEY ("ORDER_ID")
  USING INDEX PCTFREE 10 INITRANS 2 MAXTRANS 255 
  STORAGE(INITIAL 65536 NEXT 1048576 MINEXTENTS 1 MAXEXTENTS 2147483645
  PCTINCREASE 0 FREELISTS 1 FREELIST GROUPS 1 BUFFER_POOL DEFAULT FLASH_CACHE DEFAULT CELL_FLASH_CACHE DEFAULT)
  TABLESPACE "SYSTEM"  ENABLE;
  ALTER TABLE "JINNY"."ORDERLIST" MODIFY ("ORDER_DATE" NOT NULL ENABLE);
  ALTER TABLE "JINNY"."ORDERLIST" MODIFY ("ORDER_COST" NOT NULL ENABLE);
  ALTER TABLE "JINNY"."ORDERLIST" MODIFY ("ORDER_STATUS" NOT NULL ENABLE);
  ALTER TABLE "JINNY"."ORDERLIST" MODIFY ("RSTRNT_ID" NOT NULL ENABLE);
  ALTER TABLE "JINNY"."ORDERLIST" MODIFY ("CSTMR_ID" NOT NULL ENABLE);
  ALTER TABLE "JINNY"."ORDERLIST" MODIFY ("ORDER_ID" NOT NULL ENABLE);
--------------------------------------------------------
--  Constraints for Table CUSTOMER
--------------------------------------------------------

  ALTER TABLE "JINNY"."CUSTOMER" ADD PRIMARY KEY ("CSTMR_ID")
  USING INDEX PCTFREE 10 INITRANS 2 MAXTRANS 255 
  STORAGE(INITIAL 65536 NEXT 1048576 MINEXTENTS 1 MAXEXTENTS 2147483645
  PCTINCREASE 0 FREELISTS 1 FREELIST GROUPS 1 BUFFER_POOL DEFAULT FLASH_CACHE DEFAULT CELL_FLASH_CACHE DEFAULT)
  TABLESPACE "SYSTEM"  ENABLE;
  ALTER TABLE "JINNY"."CUSTOMER" MODIFY ("CSTMR_ADRES2" NOT NULL ENABLE);
  ALTER TABLE "JINNY"."CUSTOMER" MODIFY ("CSTMR_ADRES1" NOT NULL ENABLE);
  ALTER TABLE "JINNY"."CUSTOMER" MODIFY ("CSTMR_BRTHDY" NOT NULL ENABLE);
  ALTER TABLE "JINNY"."CUSTOMER" MODIFY ("CSTMR_HP" NOT NULL ENABLE);
  ALTER TABLE "JINNY"."CUSTOMER" MODIFY ("CSTMR_NM" NOT NULL ENABLE);
  ALTER TABLE "JINNY"."CUSTOMER" MODIFY ("CSTMR_PW" NOT NULL ENABLE);
  ALTER TABLE "JINNY"."CUSTOMER" MODIFY ("CSTMR_ID" NOT NULL ENABLE);
--------------------------------------------------------
--  Constraints for Table REVIEW
--------------------------------------------------------

  ALTER TABLE "JINNY"."REVIEW" ADD PRIMARY KEY ("REVIEW_ID")
  USING INDEX PCTFREE 10 INITRANS 2 MAXTRANS 255 
  STORAGE(INITIAL 65536 NEXT 1048576 MINEXTENTS 1 MAXEXTENTS 2147483645
  PCTINCREASE 0 FREELISTS 1 FREELIST GROUPS 1 BUFFER_POOL DEFAULT FLASH_CACHE DEFAULT CELL_FLASH_CACHE DEFAULT)
  TABLESPACE "SYSTEM"  ENABLE;
  ALTER TABLE "JINNY"."REVIEW" MODIFY ("REVIEW_SCORE" NOT NULL ENABLE);
  ALTER TABLE "JINNY"."REVIEW" MODIFY ("ORDER_ID" NOT NULL ENABLE);
  ALTER TABLE "JINNY"."REVIEW" MODIFY ("RSTRNT_ID" NOT NULL ENABLE);
  ALTER TABLE "JINNY"."REVIEW" MODIFY ("REVIEW_ID" NOT NULL ENABLE);
--------------------------------------------------------
--  Constraints for Table CONTENT
--------------------------------------------------------

  ALTER TABLE "JINNY"."CONTENT" MODIFY ("CONTENT_QTY" NOT NULL ENABLE);
  ALTER TABLE "JINNY"."CONTENT" MODIFY ("MENU_ID" NOT NULL ENABLE);
  ALTER TABLE "JINNY"."CONTENT" MODIFY ("ORDER_ID" NOT NULL ENABLE);
--------------------------------------------------------
--  Constraints for Table ADMINISTRATOR
--------------------------------------------------------

  ALTER TABLE "JINNY"."ADMINISTRATOR" ADD PRIMARY KEY ("ADM_ID")
  USING INDEX PCTFREE 10 INITRANS 2 MAXTRANS 255 
  STORAGE(INITIAL 65536 NEXT 1048576 MINEXTENTS 1 MAXEXTENTS 2147483645
  PCTINCREASE 0 FREELISTS 1 FREELIST GROUPS 1 BUFFER_POOL DEFAULT FLASH_CACHE DEFAULT CELL_FLASH_CACHE DEFAULT)
  TABLESPACE "SYSTEM"  ENABLE;
  ALTER TABLE "JINNY"."ADMINISTRATOR" MODIFY ("ADM_NM" NOT NULL ENABLE);
  ALTER TABLE "JINNY"."ADMINISTRATOR" MODIFY ("ADM_PW" NOT NULL ENABLE);
  ALTER TABLE "JINNY"."ADMINISTRATOR" MODIFY ("ADM_ID" NOT NULL ENABLE);
--------------------------------------------------------
--  Constraints for Table MATCHIN
--------------------------------------------------------

  ALTER TABLE "JINNY"."MATCHIN" MODIFY ("RD_ID" NOT NULL ENABLE);
  ALTER TABLE "JINNY"."MATCHIN" MODIFY ("ORDER_ID" NOT NULL ENABLE);
--------------------------------------------------------
--  Constraints for Table MENU
--------------------------------------------------------

  ALTER TABLE "JINNY"."MENU" ADD PRIMARY KEY ("MENU_ID")
  USING INDEX PCTFREE 10 INITRANS 2 MAXTRANS 255 
  STORAGE(INITIAL 65536 NEXT 1048576 MINEXTENTS 1 MAXEXTENTS 2147483645
  PCTINCREASE 0 FREELISTS 1 FREELIST GROUPS 1 BUFFER_POOL DEFAULT FLASH_CACHE DEFAULT CELL_FLASH_CACHE DEFAULT)
  TABLESPACE "SYSTEM"  ENABLE;
  ALTER TABLE "JINNY"."MENU" MODIFY ("RSTRNT_ID" NOT NULL ENABLE);
  ALTER TABLE "JINNY"."MENU" MODIFY ("MENU_PRICE" NOT NULL ENABLE);
  ALTER TABLE "JINNY"."MENU" MODIFY ("MENU_NM" NOT NULL ENABLE);
  ALTER TABLE "JINNY"."MENU" MODIFY ("MENU_ID" NOT NULL ENABLE);
--------------------------------------------------------
--  Constraints for Table RIDER_MNG
--------------------------------------------------------

  ALTER TABLE "JINNY"."RIDER_MNG" ADD PRIMARY KEY ("MNG_ID")
  USING INDEX PCTFREE 10 INITRANS 2 MAXTRANS 255 
  STORAGE(INITIAL 65536 NEXT 1048576 MINEXTENTS 1 MAXEXTENTS 2147483645
  PCTINCREASE 0 FREELISTS 1 FREELIST GROUPS 1 BUFFER_POOL DEFAULT FLASH_CACHE DEFAULT CELL_FLASH_CACHE DEFAULT)
  TABLESPACE "SYSTEM"  ENABLE;
  ALTER TABLE "JINNY"."RIDER_MNG" MODIFY ("MNG_TELNO" NOT NULL ENABLE);
  ALTER TABLE "JINNY"."RIDER_MNG" MODIFY ("MNG_NM" NOT NULL ENABLE);
  ALTER TABLE "JINNY"."RIDER_MNG" MODIFY ("MNG_PW" NOT NULL ENABLE);
  ALTER TABLE "JINNY"."RIDER_MNG" MODIFY ("MNG_ID" NOT NULL ENABLE);
--------------------------------------------------------
--  Constraints for Table RIDERS
--------------------------------------------------------

  ALTER TABLE "JINNY"."RIDERS" ADD PRIMARY KEY ("RD_ID")
  USING INDEX PCTFREE 10 INITRANS 2 MAXTRANS 255 
  STORAGE(INITIAL 65536 NEXT 1048576 MINEXTENTS 1 MAXEXTENTS 2147483645
  PCTINCREASE 0 FREELISTS 1 FREELIST GROUPS 1 BUFFER_POOL DEFAULT FLASH_CACHE DEFAULT CELL_FLASH_CACHE DEFAULT)
  TABLESPACE "SYSTEM"  ENABLE;
  ALTER TABLE "JINNY"."RIDERS" MODIFY ("RD_ADRES2" NOT NULL ENABLE);
  ALTER TABLE "JINNY"."RIDERS" MODIFY ("RD_ADRES1" NOT NULL ENABLE);
  ALTER TABLE "JINNY"."RIDERS" MODIFY ("RD_NM" NOT NULL ENABLE);
  ALTER TABLE "JINNY"."RIDERS" MODIFY ("RD_PW" NOT NULL ENABLE);
  ALTER TABLE "JINNY"."RIDERS" MODIFY ("RD_ID" NOT NULL ENABLE);
--------------------------------------------------------
--  Ref Constraints for Table CART
--------------------------------------------------------

  ALTER TABLE "JINNY"."CART" ADD FOREIGN KEY ("CSTMR_ID")
	  REFERENCES "JINNY"."CUSTOMER" ("CSTMR_ID") ENABLE;
  ALTER TABLE "JINNY"."CART" ADD FOREIGN KEY ("MENU_ID")
	  REFERENCES "JINNY"."MENU" ("MENU_ID") ENABLE;
--------------------------------------------------------
--  Ref Constraints for Table CONTENT
--------------------------------------------------------

  ALTER TABLE "JINNY"."CONTENT" ADD FOREIGN KEY ("MENU_ID")
	  REFERENCES "JINNY"."MENU" ("MENU_ID") ENABLE;
  ALTER TABLE "JINNY"."CONTENT" ADD FOREIGN KEY ("ORDER_ID")
	  REFERENCES "JINNY"."ORDERLIST" ("ORDER_ID") ENABLE;
--------------------------------------------------------
--  Ref Constraints for Table MATCHIN
--------------------------------------------------------

  ALTER TABLE "JINNY"."MATCHIN" ADD FOREIGN KEY ("ORDER_ID")
	  REFERENCES "JINNY"."ORDERLIST" ("ORDER_ID") ENABLE;
  ALTER TABLE "JINNY"."MATCHIN" ADD FOREIGN KEY ("RD_ID")
	  REFERENCES "JINNY"."RIDERS" ("RD_ID") ENABLE;
--------------------------------------------------------
--  Ref Constraints for Table MENU
--------------------------------------------------------

  ALTER TABLE "JINNY"."MENU" ADD FOREIGN KEY ("RSTRNT_ID")
	  REFERENCES "JINNY"."RESTAURANT" ("RSTRNT_ID") ENABLE;
--------------------------------------------------------
--  Ref Constraints for Table ORDERLIST
--------------------------------------------------------

  ALTER TABLE "JINNY"."ORDERLIST" ADD FOREIGN KEY ("CSTMR_ID")
	  REFERENCES "JINNY"."CUSTOMER" ("CSTMR_ID") ENABLE;
  ALTER TABLE "JINNY"."ORDERLIST" ADD FOREIGN KEY ("RSTRNT_ID")
	  REFERENCES "JINNY"."RESTAURANT" ("RSTRNT_ID") ENABLE;
--------------------------------------------------------
--  Ref Constraints for Table RESTAURANT
--------------------------------------------------------

  ALTER TABLE "JINNY"."RESTAURANT" ADD FOREIGN KEY ("FDTY_GU")
	  REFERENCES "JINNY"."FOODTYPE" ("FDTY_GU") ENABLE;
--------------------------------------------------------
--  Ref Constraints for Table REVIEW
--------------------------------------------------------

  ALTER TABLE "JINNY"."REVIEW" ADD FOREIGN KEY ("ORDER_ID")
	  REFERENCES "JINNY"."ORDERLIST" ("ORDER_ID") ENABLE;
  ALTER TABLE "JINNY"."REVIEW" ADD FOREIGN KEY ("RSTRNT_ID")
	  REFERENCES "JINNY"."RESTAURANT" ("RSTRNT_ID") ENABLE;
